publication_id,class_id,Rank,URL
3deds2020,1,C,https://portal.core.edu.au/conf-ranks/?search=AICCSA&by=all&source=CORE2023&sort=atitle&page=1
3drch2010,1,Not Found,
a3kns2012,1,Not Found,
a3ois2021,1,Not Found,
abiel2013,1,Not Found,
abnon2015,1,Not Found,
absms2016,1,Not Found,
acaon2017,1,Not Found,
acdem2014,1,Not Found,
aceal2003,1,Unranked,https://portal.core.edu.au/conf-ranks/?search=International&by=all&source=CORE2023&sort=atitle&page=1
acems2009,1,Not Found,
acits2022,1,Not Found,
acp292014,1,Not Found,
acres2015,1,Not Found,
acsgy2014,1,Not Found,
ad9ns2022,1,Not Found,
adces2022,1,Not Found,
adcks2017,1,Not Found,
adeem2022,1,Not Found,
adiks2015,1,Not Found,
adnak2019,1,Not Found,
adoks2014,1,Not Found,
adtle2015,1,Not Found,
afits2016,1,Not Found,
afmts2017,1,B,https://portal.core.edu.au/conf-ranks/?search=International Conference on Tools with Artificial Intelligence&by=all&source=CORE2023&sort=atitle&page=1
afook2015,1,Not Found,
afrem2023,1,Not Found,
agagn2014,1,Not Found,
ageem2023,1,Not Found,
agety2013,1,Not Found,
agfks2020,1,Not Found,
agiss2007,1,Not Found,
aglon2022,1,Not Found,
agpbt2018,1,Not Found,
agsks2012,1,Not Found,
aheks2022,1,Not Found,
ahhts2017,1,Not Found,
ahion2024,1,Not Found,
ahtce2017,1,Not Found,
ahtos2018,1,B,https://portal.core.edu.au/conf-ranks/?search=ICASS&by=all&source=CORE2023&sort=atitle&page=1
aiuad2008,1,Not Found,
akrem2015,1,Not Found,
aloks2013,1,Not Found,
aluis2020,1,Not Found,
amgps2012,1,Not Found,
amies2022,1,Not Found,
ammms2017,1,Not Found,
ammms2018,1,Not Found,
amnem2013,1,Not Found,
amoks2023,1,Not Found,
amsem2011,1,Not Found,
anage2011,1,Not Found,
anaop2007,1,National,https://portal.core.edu.au/conf-ranks/?search=International Work-Conference on the Interplay Between Natural and Artificial Computation&by=all&source=CORE2023&sort=atitle&page=1
anats2022,1,Not Found,
ancsn2012,1,Not Found,
andem2010,1,Not Found,
ander2025,1,Not Found,
andes2012,1,Not Found,
aneem2011,1,C,https://portal.core.edu.au/conf-ranks/?search=ICCI&by=all&source=CORE2023&sort=atitle&page=1
anegs2023,1,Not Found,
aneks2023,1,C,https://portal.core.edu.au/conf-ranks/?search=WEBIST&by=all&source=CORE2023&sort=atitle&page=1
aneon2006,1,Not Found,
aneon2008,1,Not Found,
anese2011,1,B,https://portal.core.edu.au/conf-ranks/?search=CSEDU 1&by=all&source=CORE2023&sort=atitle&page=1
anets2018,1,Not Found,
anfem2019,1,B,https://portal.core.edu.au/conf-ranks/?search=CEC&by=all&source=CORE2023&sort=atitle&page=1
angce2016,1,B,https://portal.core.edu.au/conf-ranks/?search=CEC&by=all&source=CORE2023&sort=atitle&page=1
angem2019,1,Not Found,
aniem2010,1,Not Found,
aning2022,1,Not Found,
anins2011,1,Not Found,
anlem2020,1,Not Found,
anmem2008,1,Not Found,
anmms2011,1,C,https://portal.core.edu.au/conf-ranks/?search=IA&by=all&source=CORE2023&sort=atitle&page=1
anmon2007,1,Not Found,
annms2016,1,Not Found,
annnt2022,1,Not Found,
annts2010,1,Not Found,
anoms2016,1,Not Found,
anpse2021,1,Not Found,
anrem2005,1,Not Found,
anrem2019,1,Not Found,
anrks2023,1,Not Found,
anrms2019,1,Not Found,
anron2019,1,Not Found,
anrps2024,1,Not Found,
anrre2022,1,B,https://portal.core.edu.au/conf-ranks/?search=International Conference on Big Data&by=all&source=CORE2023&sort=atitle&page=1
ansct2003,1,Not Found,
ansem2019,1,Not Found,
ansem2023,1,Not Found,
anses2013,1,Not Found,
ansge2014,1,Not Found,
anson2018,1,Not Found,
ansts2006,1,Not Found,
antce2019,1,B,https://portal.core.edu.au/conf-ranks/?search=SMC&by=all&source=CORE2023&sort=atitle&page=1
anuks2009,1,Not Found,
apees2015,1,Not Found,
apggn2004,1,Not Found,
apiem2008,1,C,https://portal.core.edu.au/conf-ranks/?search=International Conference on Information and Communication Technologies&by=all&source=CORE2023&sort=atitle&page=1
apimt2019,1,Not Found,
aplms2004,1,Not Found,
apmms2004,1,Not Found,
apuaz2019,1,Not Found,
apzon2024,1,Not Found,
aqfks2023,1,Not Found,
aques2016,1,B,https://portal.core.edu.au/conf-ranks/?search=International Symposium on Cluster&by=all&source=CORE2023&sort=atitle&page=1
araew2013,1,Not Found,
arans2007,1,Not Found,
arcns2006,1,Not Found,
arits2023,1,Not Found,
arrsi2011,1,Not Found,
aruds2022,1,Not Found,
arvns2014,1,Not Found,
asany2023,1,Not Found,
asbem2011,1,C,https://portal.core.edu.au/conf-ranks/?search=International Conference on Intelligent Systems Design and Applications&by=all&source=CORE2023&sort=atitle&page=1
asdaf2024,1,Not Found,
asion2022,1,Not Found,
aslon2016,1,Not Found,
asmip2019,1,Not Found,
asory2019,1,Not Found,
asrta2020,1,Not Found,
astrk2010,1,Not Found,
asvgn2019,1,Not Found,
ation2019,1,Not Found,
attad2008,1,Not Found,
aufng2018,1,Not Found,
auing1991,1,Not Found,
auoel2024,1,C,https://portal.core.edu.au/conf-ranks/?search=ISPA&by=all&source=CORE2023&sort=atitle&page=1
aupes2019,1,Not Found,
aurmy2018,1,Not Found,
auvty2016,1,Not Found,
avfes2015,1,Not Found,
ayfnt2024,1,Not Found,
biihm2021,1,Not Found,
bioks2015,1,Not Found,
bocon2023,1,Not Found,
br0ks2018,1,Not Found,
buern2017,1,Not Found,
buich2007,1,Not Found,
caaon2022,1,Not Found,
caces2014,1,Not Found,
cawes2006,1,Not Found,
chblt2016,1,Not Found,
chblt2017,1,C,https://portal.core.edu.au/conf-ranks/?search=International Conference on Hybrid Intelligent Systems&by=all&source=CORE2023&sort=atitle&page=1
chdir2024,1,Not Found,
chhes2014,1,Not Found,
chnes2018,1,Not Found,
chplt2016,1,Not Found,
citue2022,1,Not Found,
clris2017,1,Not Found,
clsts2003,1,Not Found,
coaap2016,1,Not Found,
coaes2015,1,Not Found,
coahe2008,1,Not Found,
coaks2024,1,Not Found,
coang2018,1,Unranked,https://portal.core.edu.au/conf-ranks/?search=International Conference on Communications&by=all&source=CORE2023&sort=atitle&page=1
coaon2024,1,Not Found,
coars2014,1,Not Found,
coead2005,1,Not Found,
coees2008,1,Not Found,
cogon2018,1,Not Found,
cohes2003,1,Not Found,
coier2021,1,Not Found,
coies2017,1,Not Found,
coles2019,1,Not Found,
cones2023,1,Not Found,
cooon2015,1,Not Found,
cooon2017,1,Not Found,
cooop2005,1,Not Found,
cotle2006,1,Not Found,
covms2006,1,Not Found,
crcng2020,1,Not Found,
crnol2018,1,A,https://portal.core.edu.au/conf-ranks/?search=IFIP&by=all&source=CORE2023&sort=atitle&page=1
csnng2023,1,B,https://portal.core.edu.au/conf-ranks/?search=ICAART 2&by=all&source=CORE2023&sort=atitle&page=1
deaes2019,1,Not Found,
deaks2022,1,Not Found,
dedng2008,1,Not Found,
deedy2019,1,Not Found,
degls2017,1,Not Found,
degot2019,1,Not Found,
dehes2009,1,Not Found,
delnt2016,1,Not Found,
dench2014,1,B,https://portal.core.edu.au/conf-ranks/?search=International Conference on Agents and Artificial Intelligence&by=all&source=CORE2023&sort=atitle&page=1
deoes2008,1,Not Found,
deoes2017,1,Not Found,
dtdon2009,1,Not Found,
dtnrs2008,1,Not Found,
dtsge2008,1,Not Found,
dtyue2008,1,Not Found,
efeks2011,1,Not Found,
efolt2016,1,Not Found,
efrng2024,1,Not Found,
eitce2018,1,Not Found,
emaet1996,1,Not Found,
emeer2022,1,Not Found,
emtsi2013,1,Not Found,
enees2017,1,Not Found,
enent2022,1,National: Tunisia,https://portal.core.edu.au/conf-ranks/?search=ISIA&by=all&source=CORE2023&sort=atitle&page=1
enhes2023,1,Not Found,
enins2023,1,Not Found,
enles2019,1,Not Found,
enrey2017,1,Not Found,
ensch2020,1,Not Found,
enses2015,1,Not Found,
enung2012,1,Not Found,
enval2016,1,Not Found,
eprts2021,1,Not Found,
esdol2014,1,Not Found,
etrms2014,1,Not Found,
evane2005,1,Not Found,
evnel2011,1,Not Found,
evpge2015,1,Not Found,
evscs2008,1,C,https://portal.core.edu.au/conf-ranks/?search=International Symposium on Communications&by=all&source=CORE2023&sort=atitle&page=1
exaes2019,1,Not Found,
excts2016,1,Not Found,
exers2022,1,Not Found,
exgts2022,1,Not Found,
exion2021,1,Not Found,
exmes2014,1,Not Found,
exnio2021,1,Not Found,
exscs2024,1,Not Found,
extne2017,1,Not Found,
fiiod2015,1,Not Found,
firem2023,1,Not Found,
fliis2021,1,Not Found,
fliks2024,1,Not Found,
flrga2022,1,Not Found,
fosts1998,1,Not Found,
frips2018,1,Not Found,
frres2024,1,Not Found,
ftety2018,1,Unranked,https://portal.core.edu.au/conf-ranks/?search=International Conference on Electronics&by=all&source=CORE2023&sort=atitle&page=1
fu3ts2018,1,Not Found,
gacem2016,1,Not Found,
gacem2018,1,Not Found,
ganps2015,1,National: India,https://portal.core.edu.au/conf-ranks/?search=CDC&by=all&source=CORE2023&sort=atitle&page=1
gat102023,1,Not Found,
gauew2023,1,Not Found,
geams2023,1,Not Found,
gntls1995,1,Not Found,
gophe2022,1,Not Found,
hegip2016,1,Not Found,
hiaon2017,1,Not Found,
hieon2014,1,Not Found,
hioon2018,1,Not Found,
hiron2016,1,Not Found,
hiron2018,1,Not Found,
hiron2020,1,Not Found,
hison2016,1,Not Found,
honon2008,1,Not Found,
hoohs2011,1,Not Found,
hosal2015,1,Not Found,
houon2015,1,Not Found,
hyses2021,1,Not Found,
idpge2019,1,Not Found,
imdns2021,1,Not Found,
imeng2019,1,Not Found,
imgks2023,1,Not Found,
imhks2021,1,Not Found,
imiel2024,1,Not Found,
imlta2022,1,Not Found,
imnem2024,1,Not Found,
imums2006,1,Not Found,
imure2024,1,Not Found,
inaew2016,1,Not Found,
inels2000,1,Not Found,
infms2011,1,Not Found,
inles2004,1,Not Found,
inmks2024,1,Not Found,
innch2019,1,Not Found,
innxt2007,1,Not Found,
insor2009,1,Not Found,
inule2020,1,Not Found,
inyem2017,1,Not Found,
ipnne2016,1,Not Found,
isets2008,1,Not Found,
jooes2011,1,Not Found,
jseap2017,1,Not Found,
kdnes2000,1,Not Found,
knies2014,1,Not Found,
lasng2020,1,Not Found,
leres2013,1,Not Found,
letis2010,1,Not Found,
lotrs2024,1,Not Found,
luvie2003,1,Not Found,
lvnns2006,1,Not Found,
maeer2020,1,Not Found,
mames2013,1,Not Found,
manon2019,1,Not Found,
mdroa2023,1,Not Found,
meach2013,1,Not Found,
meees2013,1,Not Found,
meeng2009,1,Not Found,
menon2014,1,C,https://portal.core.edu.au/conf-ranks/?search=International conference on information visualisation&by=all&source=CORE2023&sort=atitle&page=1
mesem2014,1,Not Found,
metds2013,1,Not Found,
metms2007,1,Not Found,
mieon2018,1,Not Found,
moccd2023,1,Not Found,
momss2014,1,Not Found,
mon102010,1,Not Found,
mooes2010,1,Not Found,
mtave2000,1,Not Found,
muaon2016,1,Not Found,
muaon2017,1,C,https://portal.core.edu.au/conf-ranks/?search=International Conference on Intelligent Systems Design and Applications&by=all&source=CORE2023&sort=atitle&page=1
mubta2023,1,Not Found,
mulnt2022,1,Not Found,
munes2013,1,C,https://portal.core.edu.au/conf-ranks/?search=international conference on modeling&by=all&source=CORE2023&sort=atitle&page=1
mutml2012,1,Not Found,
mutns2013,1,Not Found,
natem2018,1,Not Found,
nefol2022,1,Not Found,
nocon2016,1,Not Found,
notga2024,1,Not Found,
nueer2021,1,Not Found,
onfon2019,1,Not Found,
onmts2012,1,Not Found,
onnlt2024,1,Not Found,
onoin2018,1,Not Found,
onton2017,1,Not Found,
opans2025,1,Not Found,
opgis2007,1,Not Found,
opiey2021,1,Not Found,
opiis2021,1,Not Found,
oping2020,1,Not Found,
opnce2022,1,Not Found,
orsss2008,1,Not Found,
ortes1999,1,Not Found,
ortes2010,1,Not Found,
ougit2005,1,Not Found,
ounls1996,1,Not Found,
our422022,1,Not Found,
ourls2008,1,Not Found,
ous432003,1,Not Found,
paaat2002,1,Not Found,
pacta2022,1,Not Found,
padts2008,1,Not Found,
panem2014,1,Not Found,
pases2015,1,Not Found,
pebem2021,1,Not Found,
peece2022,1,Not Found,
peees2018,1,Not Found,
peeng2009,1,Not Found,
peeng2018,1,Not Found,
peton2007,1,Not Found,
pinge2023,1,Not Found,
pores2015,1,Not Found,
pread2007,1,Not Found,
prech2022,1,Not Found,
prgng2017,1,Not Found,
prgon2024,1,Not Found,
pri132013,1,Not Found,
prnce2017,1,Not Found,
prnem2006,1,Not Found,
proon2013,1,Not Found,
prpig2007,1,Not Found,
qdews2017,1,Not Found,
qugni2009,1,Not Found,
rdies2022,1,Not Found,
rdpir2023,1,Not Found,
reble2006,1,Not Found,
redes2012,1,Not Found,
reees2003,1,Not Found,
reees2024,1,Not Found,
reegy2009,1,Not Found,
reein2010,1,Not Found,
reers2015,1,Not Found,
ref192022,1,Not Found,
reing2017,1,Not Found,
renps2022,1,Not Found,
reoms2015,1,Not Found,
rephm2011,1,C,https://portal.core.edu.au/conf-ranks/?search=ICCI&by=all&source=CORE2023&sort=atitle&page=1
reues2008,1,Not Found,
reuon2015,1,Not Found,
rsale2003,1,Not Found,
rstis2006,1,Not Found,
ruans2022,1,Not Found,
sasht2012,1,C,https://portal.core.edu.au/conf-ranks/?search=international conference on information visualisation&by=all&source=CORE2023&sort=atitle&page=1
saste2012,1,Not Found,
scpad2006,1,Not Found,
scyem2015,1,Not Found,
sea182018,1,C,https://portal.core.edu.au/conf-ranks/?search=WETICE&by=all&source=CORE2023&sort=atitle&page=1
seaml2013,1,Not Found,
secch2011,1,Not Found,
seres2019,1,Not Found,
setch2015,1,Not Found,
sewng2023,1,Not Found,
sezng2022,1,Not Found,
sezon2018,1,B,https://portal.core.edu.au/conf-ranks/?search=international conference on fuzzy systems&by=all&source=CORE2023&sort=atitle&page=1
sifng2019,1,Not Found,
siiks2023,1,Not Found,
simir2014,1,Not Found,
skcon2015,1,Not Found,
sncch2019,1,Not Found,
sodnt2014,1,Not Found,
soesi2010,1,Not Found,
soict2014,1,Not Found,
somes2005,1,National,https://portal.core.edu.au/conf-ranks/?search=International Work-Conference on the Interplay Between Natural and Artificial Computation&by=all&source=CORE2023&sort=atitle&page=1
sotct2013,1,Not Found,
sotmn2016,1,Not Found,
sprch2012,1,Not Found,
sprxt2022,1,Not Found,
stgse2019,1,Not Found,
stnta2004,1,C,https://portal.core.edu.au/conf-ranks/?search=International Conference on Information and Communication Technologies&by=all&source=CORE2023&sort=atitle&page=1
stpes2008,1,Not Found,
stvng2023,1,Not Found,
sueon1988,1,Not Found,
suies2011,1,Not Found,
suion2022,1,Not Found,
sunty2022,1,Not Found,
suron2022,1,Not Found,
syhdy2009,1,Not Found,
taarf2023,1,Not Found,
tadop2018,1,TBR,https://portal.core.edu.au/conf-ranks/?search=International Conference on Emerging Technologies and Factory Automation&by=all&source=CORE2023&sort=atitle&page=1
taees2014,1,Not Found,
taele2025,1,Not Found,
taies2006,1,Not Found,
taler2024,1,A*,https://portal.core.edu.au/conf-ranks/?search=DEV&by=all&source=CORE2023&sort=atitle&page=1
talks2021,1,Not Found,
tatot2016,1,B,https://portal.core.edu.au/conf-ranks/?search=LCN&by=all&source=CORE2023&sort=atitle&page=1
tatue2021,1,Not Found,
teiet2015,1,Not Found,
terts2013,1,Not Found,
thaes2008,1,Not Found,
theon2019,1,C,https://portal.core.edu.au/conf-ranks/?search=International Conference on Model and Data Engineering&by=all&source=CORE2023&sort=atitle&page=1
thsdy2012,1,Not Found,
tisns2011,1,Not Found,
tkwhy2010,1,Not Found,
tocng2017,1,Not Found,
todgn2014,1,Not Found,
todms2014,1,Not Found,
toent2017,1,Not Found,
tofes2017,1,Not Found,
togdy2018,1,Not Found,
togon2020,1,Not Found,
toiin2013,1,Not Found,
tonrs2017,1,Not Found,
tooms2004,1,Not Found,
toont2020,1,Not Found,
tosve2015,1,Not Found,
totns2022,1,Not Found,
traey2020,1,Not Found,
troey2019,1,Not Found,
trpta2021,1,Not Found,
trqdy2013,1,Not Found,
trseb2011,1,Not Found,
trsge2024,1,Not Found,
trxth2018,1,Not Found,
turgn2008,1,Not Found,
tuues2016,1,Not Found,
twhem2010,1,Not Found,
unbrc2002,1,Not Found,
undts2005,1,Not Found,
unene2014,1,Not Found,
unent2008,1,Not Found,
unnle2007,1,Not Found,
unnve2001,1,Not Found,
unogn2002,1,Not Found,
unoue2010,1,Not Found,
unses2003,1,Not Found,
urich2012,1,Not Found,
uslms2004,1,Unranked,https://portal.core.edu.au/conf-ranks/?search=International Conference on Systems&by=all&source=CORE2023&sort=atitle&page=1
uslms2007,1,Not Found,
usngn2003,1,Not Found,
usngn2007,1,Not Found,
uspne2005,1,Not Found,
usses2013,1,Not Found,
veeer2011,1,Not Found,
veeue1996,1,Not Found,
venrs2008,1,Not Found,
vents2006,1,Not Found,
vepnt2008,1,Not Found,
versi2013,1,Not Found,
veses2015,1,Not Found,
veter2017,1,Not Found,
vieew2024,1,Unranked,https://portal.core.edu.au/conf-ranks/?search=International Conference on Future Networks and Communications&by=all&source=CORE2023&sort=atitle&page=1
wetns2023,1,Not Found,
whcri2016,1,C,https://portal.core.edu.au/conf-ranks/?search=CSA&by=all&source=CORE2023&sort=atitle&page=1
whcts2014,1,Not Found,
yaaem2010,1,Not Found,
3deds2020,2,Not Found,N/A
3drch2010,2,Not Found,N/A
a3kns2012,2,Not Found,N/A
a3ois2021,2,Not Found,N/A
abiel2013,2,Not Found,N/A
abnon2015,2,Not Found,N/A
absms2016,2,Not Found,N/A
acaon2017,2,Not Found,N/A
acdem2014,2,Not Found,N/A
aceal2003,2,Not Found,N/A
acems2009,2,Not Found,N/A
acits2022,2,Not Found,N/A
acp292014,2,Not Found,N/A
acres2015,2,Not Found,N/A
acsgy2014,2,Not Found,N/A
ad9ns2022,2,Not Found,N/A
adces2022,2,Not Found,N/A
adcks2017,2,Q2,https://www.scimagojr.com/journalsearch.php?q=Telecommunication+Systems
adeem2022,2,Q1,https://www.scimagojr.com/journalsearch.php?q=Applied+Soft+Computing
adiks2015,2,Not Found,N/A
adnak2019,2,Q4,https://www.scimagojr.com/journalsearch.php?q=International+Journal+of+Reasoning-based+Intelligent+Systems
adoks2014,2,Q1,https://www.scimagojr.com/journalsearch.php?q=Journal+of+network+and+computer+applications
adtle2015,2,Not Found,N/A
afits2016,2,Not Found,N/A
afmts2017,2,Not Found,N/A
afook2015,2,Not Found,N/A
afrem2023,2,Not Found,N/A
agagn2014,2,Not Found,N/A
ageem2023,2,Q1,https://www.scimagojr.com/journalsearch.php?q=Applied+Soft+Computing
agety2013,2,Not Found,N/A
agfks2020,2,Not Found,N/A
agiss2007,2,Not Found,N/A
aglon2022,2,Not Found,N/A
agpbt2018,2,Not Found,N/A
agsks2012,2,Not Found,N/A
aheks2022,2,Not Found,N/A
ahhts2017,2,Q1,https://www.scimagojr.com/journalsearch.php?q=Applied+Soft+Computing
ahion2024,2,Q2,https://www.scimagojr.com/journalsearch.php?q=International+Journal+of+General+Systems
ahtce2017,2,-,https://www.scimagojr.com/journalsearch.php?q=Procedia+Computer+Science
ahtos2018,2,Not Found,N/A
aiuad2008,2,Not Found,N/A
akrem2015,2,Not Found,N/A
aloks2013,2,Not Found,N/A
aluis2020,2,Q1,https://www.scimagojr.com/journalsearch.php?q=Energies
amgps2012,2,Not Found,N/A
amies2022,2,Q2,https://www.scimagojr.com/journalsearch.php?q=Frontiers+in+Robotics+and+AI
ammms2017,2,Q1,https://www.scimagojr.com/journalsearch.php?q=IEEE+Systems+Journal
ammms2018,2,Q1,https://www.scimagojr.com/journalsearch.php?q=IEEE+Systems+Journal
amnem2013,2,Not Found,N/A
amoks2023,2,Q1,https://www.scimagojr.com/journalsearch.php?q=IEEE+Communications+Magazine
amsem2011,2,Not Found,N/A
anage2011,2,Not Found,N/A
anaop2007,2,Not Found,N/A
anats2022,2,Not Found,N/A
ancsn2012,2,Not Found,N/A
andem2010,2,Not Found,N/A
ander2025,2,Q2,"https://www.scimagojr.com/journalsearch.php?q=Transforming+Government:+People,+Process+and+Policy"
andes2012,2,Not Found,N/A
aneem2011,2,Not Found,N/A
anegs2023,2,Q3,https://www.scimagojr.com/journalsearch.php?q=International+Journal+of+Software+Engineering+and+Knowledge+Engineering
aneks2023,2,Not Found,N/A
aneon2006,2,Not Found,N/A
aneon2008,2,Not Found,N/A
anese2011,2,Not Found,N/A
anets2018,2,-,https://www.scimagojr.com/journalsearch.php?q=Procedia+Computer+Science
anfem2019,2,Not Found,N/A
angce2016,2,Not Found,N/A
angem2019,2,Q1,https://www.scimagojr.com/journalsearch.php?q=Applied+Soft+Computing
aniem2010,2,Not Found,N/A
aning2022,2,Q2,https://www.scimagojr.com/journalsearch.php?q=International+Journal+of+Computers+and+Applications
anins2011,2,Not Found,N/A
anlem2020,2,Q1,https://www.scimagojr.com/journalsearch.php?q=Engineering+Applications+of+Artificial+Intelligence
anmem2008,2,Not Found,N/A
anmms2011,2,Not Found,N/A
anmon2007,2,Not Found,N/A
annms2016,2,Not Found,N/A
annnt2022,2,Not Found,N/A
annts2010,2,Not Found,N/A
anoms2016,2,Not Found,N/A
anpse2021,2,Not Found,N/A
anrem2005,2,Not Found,N/A
anrem2019,2,-,https://www.scimagojr.com/journalsearch.php?q=Procedia+Computer+Science
anrks2023,2,-,https://www.scimagojr.com/journalsearch.php?q=Procedia+Computer+Science
anrms2019,2,Not Found,N/A
anron2019,2,Not Found,N/A
anrps2024,2,Q1,https://www.scimagojr.com/journalsearch.php?q=Technologies
anrre2022,2,Not Found,N/A
ansct2003,2,Not Found,N/A
ansem2019,2,-,https://www.scimagojr.com/journalsearch.php?q=Procedia+Computer+Science
ansem2023,2,-,https://www.scimagojr.com/journalsearch.php?q=Procedia+Computer+Science
anses2013,2,Not Found,N/A
ansge2014,2,Not Found,N/A
anson2018,2,Not Found,N/A
ansts2006,2,Q1,https://www.scimagojr.com/journalsearch.php?q=Applied+Mathematics+and+Computation
antce2019,2,Not Found,N/A
anuks2009,2,Not Found,N/A
apees2015,2,Not Found,N/A
apggn2004,2,Q4,https://www.scimagojr.com/journalsearch.php?q=WSEAS+Transactions+on+Systems
apiem2008,2,Not Found,N/A
apimt2019,2,Not Found,N/A
aplms2004,2,Not Found,N/A
apmms2004,2,Not Found,N/A
apuaz2019,2,Not Found,N/A
apzon2024,2,Q1,https://www.scimagojr.com/journalsearch.php?q=ACM+Transactions+on+Management+Information+Systems
aqfks2023,2,-,https://www.scimagojr.com/journalsearch.php?q=Procedia+Computer+Science
aques2016,2,Not Found,N/A
araew2013,2,Not Found,N/A
arans2007,2,Not Found,N/A
arcns2006,2,Not Found,N/A
arits2023,2,Q2,https://www.scimagojr.com/journalsearch.php?q=Algorithms
arrsi2011,2,Not Found,N/A
aruds2022,2,Not Found,N/A
arvns2014,2,Not Found,N/A
asany2023,2,Not Found,N/A
asbem2011,2,Not Found,N/A
asdaf2024,2,Not Found,N/A
asion2022,2,Not Found,N/A
aslon2016,2,Not Found,N/A
asmip2019,2,Not Found,N/A
asory2019,2,-,https://www.scimagojr.com/journalsearch.php?q=Journal+of+Physics:+Conference+Series
asrta2020,2,Not Found,N/A
astrk2010,2,Q4,https://www.scimagojr.com/journalsearch.php?q=International+Journal+of+Product+Development
asvgn2019,2,Not Found,N/A
ation2019,2,Not Found,N/A
attad2008,2,-,https://www.scimagojr.com/journalsearch.php?q=AIP+Conference+Proceedings
aufng2018,2,Not Found,N/A
auing1991,2,Not Found,N/A
auoel2024,2,Not Found,N/A
aupes2019,2,Not Found,N/A
aurmy2018,2,Q3,https://www.scimagojr.com/journalsearch.php?q=International+Journal+of+Technology+Enhanced+Learning
auvty2016,2,Q1,https://www.scimagojr.com/journalsearch.php?q=Journal+of+Educational+Computing+Research
avfes2015,2,Not Found,N/A
ayfnt2024,2,Not Found,N/A
biihm2021,2,Not Found,N/A
bioks2015,2,Not Found,N/A
bocon2023,2,Not Found,N/A
br0ks2018,2,Not Found,N/A
buern2017,2,Not Found,N/A
buich2007,2,Not Found,N/A
caaon2022,2,Not Found,N/A
caces2014,2,Not Found,N/A
cawes2006,2,Not Found,N/A
chblt2016,2,Not Found,N/A
chblt2017,2,Not Found,N/A
chdir2024,2,Not Found,N/A
chhes2014,2,Not Found,N/A
chnes2018,2,Not Found,N/A
chplt2016,2,Not Found,N/A
citue2022,2,Not Found,N/A
clris2017,2,Not Found,N/A
clsts2003,2,Not Found,N/A
coaap2016,2,Q4,https://www.scimagojr.com/journalsearch.php?q=International+Journal+of+Reasoning-based+Intelligent+Systems
coaes2015,2,Not Found,N/A
coahe2008,2,Not Found,N/A
coaks2024,2,Q2,https://www.scimagojr.com/journalsearch.php?q=Journal+of+Systems+and+Information+Technology
coang2018,2,Not Found,N/A
coaon2024,2,Not Found,N/A
coars2014,2,Not Found,N/A
coead2005,2,Not Found,N/A
coees2008,2,Not Found,N/A
cogon2018,2,Not Found,N/A
cohes2003,2,Not Found,N/A
coier2021,2,Not Found,N/A
coies2017,2,Not Found,N/A
coles2019,2,Not Found,N/A
cones2023,2,Not Found,N/A
cooon2015,2,Not Found,N/A
cooon2017,2,Not Found,N/A
cooop2005,2,Not Found,N/A
cotle2006,2,Not Found,N/A
covms2006,2,Not Found,N/A
crcng2020,2,Not Found,N/A
crnol2018,2,Not Found,N/A
csnng2023,2,Not Found,N/A
deaes2019,2,Not Found,N/A
deaks2022,2,Not Found,N/A
dedng2008,2,Not Found,N/A
deedy2019,2,Not Found,N/A
degls2017,2,Not Found,N/A
degot2019,2,Not Found,N/A
dehes2009,2,Not Found,N/A
delnt2016,2,Not Found,N/A
dench2014,2,Not Found,N/A
deoes2008,2,Not Found,N/A
deoes2017,2,Not Found,N/A
dtdon2009,2,Not Found,N/A
dtnrs2008,2,Not Found,N/A
dtsge2008,2,Not Found,N/A
dtyue2008,2,Not Found,N/A
efeks2011,2,Not Found,N/A
efolt2016,2,Not Found,N/A
efrng2024,2,Not Found,N/A
eitce2018,2,Q3,https://www.scimagojr.com/journalsearch.php?q=International+Journal+of+Business+Information+Systems
emaet1996,2,Not Found,N/A
emeer2022,2,Not Found,N/A
emtsi2013,2,Not Found,N/A
enees2017,2,Not Found,N/A
enent2022,2,Not Found,N/A
enhes2023,2,Q1,https://www.scimagojr.com/journalsearch.php?q=E-Learning+and+Digital+Media
enins2023,2,Not Found,N/A
enles2019,2,Not Found,N/A
enrey2017,2,Not Found,N/A
ensch2020,2,Q1,https://www.scimagojr.com/journalsearch.php?q=IEEE+Internet+of+Things+Journal
enses2015,2,Not Found,N/A
enung2012,2,Not Found,N/A
enval2016,2,Not Found,N/A
eprts2021,2,Not Found,N/A
esdol2014,2,Not Found,N/A
etrms2014,2,Not Found,N/A
evane2005,2,Not Found,N/A
evnel2011,2,Not Found,N/A
evpge2015,2,Not Found,N/A
evscs2008,2,Not Found,N/A
exaes2019,2,Q1,https://www.scimagojr.com/journalsearch.php?q=Information+Systems
excts2016,2,Not Found,N/A
exers2022,2,Not Found,N/A
exgts2022,2,Q3,https://www.scimagojr.com/journalsearch.php?q=International+Journal+of+Manufacturing+Research
exion2021,2,Not Found,N/A
exmes2014,2,Not Found,N/A
exnio2021,2,Not Found,N/A
exscs2024,2,Not Found,N/A
extne2017,2,Q3,https://www.scimagojr.com/journalsearch.php?q=International+Journal+of+Prognostics+and+Health+Management
fiiod2015,2,Not Found,N/A
firem2023,2,-,https://www.scimagojr.com/journalsearch.php?q=Procedia+Computer+Science
fliis2021,2,Not Found,N/A
fliks2024,2,Not Found,N/A
flrga2022,2,Not Found,N/A
fosts1998,2,Not Found,N/A
frips2018,2,Not Found,N/A
frres2024,2,Not Found,N/A
ftety2018,2,Not Found,N/A
fu3ts2018,2,Q2,https://www.scimagojr.com/journalsearch.php?q=IET+Image+Processing
gacem2016,2,Not Found,N/A
gacem2018,2,Q2,https://www.scimagojr.com/journalsearch.php?q=Operational+Research
ganps2015,2,Not Found,N/A
gat102023,2,Not Found,N/A
gauew2023,2,Not Found,N/A
geams2023,2,Not Found,N/A
gntls1995,2,Not Found,N/A
gophe2022,2,Not Found,N/A
hegip2016,2,Not Found,N/A
hiaon2017,2,Not Found,N/A
hieon2014,2,Not Found,N/A
hioon2018,2,Not Found,N/A
hiron2016,2,Not Found,N/A
hiron2018,2,Not Found,N/A
hiron2020,2,Not Found,N/A
hison2016,2,Not Found,N/A
honon2008,2,Not Found,N/A
hoohs2011,2,Q3,https://www.scimagojr.com/journalsearch.php?q=International+Journal+of+Bio-Inspired+Computation
hosal2015,2,Not Found,N/A
houon2015,2,Not Found,N/A
hyses2021,2,Q2,https://www.scimagojr.com/journalsearch.php?q=European+Journal+of+Industrial+Engineering
idpge2019,2,Not Found,N/A
imdns2021,2,Not Found,N/A
imeng2019,2,Not Found,N/A
imgks2023,2,Not Found,N/A
imhks2021,2,Not Found,N/A
imiel2024,2,Not Found,N/A
imlta2022,2,Not Found,N/A
imnem2024,2,Q1,https://www.scimagojr.com/journalsearch.php?q=Multimedia+Tools+and+Applications
imums2006,2,Not Found,N/A
imure2024,2,Q2,https://www.scimagojr.com/journalsearch.php?q=International+Journal+of+General+Systems
inaew2016,2,Not Found,N/A
inels2000,2,Not Found,N/A
infms2011,2,Not Found,N/A
inles2004,2,Not Found,N/A
inmks2024,2,Q2,https://www.scimagojr.com/journalsearch.php?q=ACM+Transactions+on+the+Web
innch2019,2,Not Found,N/A
innxt2007,2,Not Found,N/A
insor2009,2,Not Found,N/A
inule2020,2,Not Found,N/A
inyem2017,2,Not Found,N/A
ipnne2016,2,-,https://www.scimagojr.com/journalsearch.php?q=IFAC-PapersOnLine
isets2008,2,Not Found,N/A
jooes2011,2,Q3,https://www.scimagojr.com/journalsearch.php?q=International+Journal+of+Manufacturing+Research
jseap2017,2,Not Found,N/A
kdnes2000,2,Not Found,N/A
knies2014,2,Not Found,N/A
lasng2020,2,Not Found,N/A
leres2013,2,Not Found,N/A
letis2010,2,Q1,https://www.scimagojr.com/journalsearch.php?q=User+Modeling+and+User-Adapted+Interaction
lotrs2024,2,Not Found,N/A
luvie2003,2,Not Found,N/A
lvnns2006,2,Not Found,N/A
maeer2020,2,Not Found,N/A
mames2013,2,Not Found,N/A
manon2019,2,Not Found,N/A
mdroa2023,2,Not Found,N/A
meach2013,2,Not Found,N/A
meees2013,2,Q4,"https://www.scimagojr.com/journalsearch.php?q=International+Journal+of+Metadata,+Semantics+and+Ontologies"
meeng2009,2,Not Found,N/A
menon2014,2,Not Found,N/A
mesem2014,2,Not Found,N/A
metds2013,2,Not Found,N/A
metms2007,2,Not Found,N/A
mieon2018,2,Not Found,N/A
moccd2023,2,Not Found,N/A
momss2014,2,Not Found,N/A
mon102010,2,Not Found,N/A
mooes2010,2,Not Found,N/A
mtave2000,2,Not Found,N/A
muaon2016,2,Not Found,N/A
muaon2017,2,Not Found,N/A
mubta2023,2,Not Found,N/A
mulnt2022,2,Q1,https://www.scimagojr.com/journalsearch.php?q=Journal+of+Parallel+and+Distributed+Computing
munes2013,2,Not Found,N/A
mutml2012,2,Not Found,N/A
mutns2013,2,Not Found,N/A
natem2018,2,-,https://www.scimagojr.com/journalsearch.php?q=Procedia+Computer+Science
nefol2022,2,Q3,https://www.scimagojr.com/journalsearch.php?q=International+Journal+of+Knowledge+and+Learning
nocon2016,2,Not Found,N/A
notga2024,2,Not Found,N/A
nueer2021,2,Not Found,N/A
onfon2019,2,Q1,https://www.scimagojr.com/journalsearch.php?q=Applied+Ontology
onmts2012,2,Not Found,N/A
onnlt2024,2,Q1,https://www.scimagojr.com/journalsearch.php?q=IEEE+Access
onoin2018,2,Not Found,N/A
onton2017,2,Q1,https://www.scimagojr.com/journalsearch.php?q=IEEE+Transactions+on+Broadcasting
opans2025,2,Not Found,N/A
opgis2007,2,Not Found,N/A
opiey2021,2,Not Found,N/A
opiis2021,2,Q2,https://www.scimagojr.com/journalsearch.php?q=IET+Biometrics
oping2020,2,Q1,https://www.scimagojr.com/journalsearch.php?q=Journal+of+Information+Security+and+Applications
opnce2022,2,Not Found,N/A
orsss2008,2,Not Found,N/A
ortes1999,2,Not Found,N/A
ortes2010,2,Not Found,N/A
ougit2005,2,Not Found,N/A
ounls1996,2,Not Found,N/A
our422022,2,Not Found,N/A
ourls2008,2,Not Found,N/A
ous432003,2,Not Found,N/A
paaat2002,2,Not Found,N/A
pacta2022,2,Not Found,N/A
padts2008,2,Not Found,N/A
panem2014,2,Not Found,N/A
pases2015,2,Not Found,N/A
pebem2021,2,Q3,https://www.scimagojr.com/journalsearch.php?q=International+Journal+of+Bio-Inspired+Computation
peece2022,2,-,https://www.scimagojr.com/journalsearch.php?q=Procedia+Computer+Science
peees2018,2,Not Found,N/A
peeng2009,2,Not Found,N/A
peeng2018,2,Not Found,N/A
peton2007,2,Not Found,N/A
pinge2023,2,Not Found,N/A
pores2015,2,Not Found,N/A
pread2007,2,Not Found,N/A
prech2022,2,Q1,https://www.scimagojr.com/journalsearch.php?q=Sensors
prgng2017,2,Not Found,N/A
prgon2024,2,Not Found,N/A
pri132013,2,Not Found,N/A
prnce2017,2,Not Found,N/A
prnem2006,2,Not Found,N/A
proon2013,2,Not Found,N/A
prpig2007,2,Not Found,N/A
qdews2017,2,Not Found,N/A
qugni2009,2,Not Found,N/A
rdies2022,2,Not Found,N/A
rdpir2023,2,Not Found,N/A
reble2006,2,Not Found,N/A
redes2012,2,Not Found,N/A
reees2003,2,Not Found,N/A
reees2024,2,Not Found,N/A
reegy2009,2,Not Found,N/A
reein2010,2,Not Found,N/A
reers2015,2,Not Found,N/A
ref192022,2,Not Found,N/A
reing2017,2,-,https://www.scimagojr.com/journalsearch.php?q=Procedia+computer+science
renps2022,2,Not Found,N/A
reoms2015,2,Q4,"https://www.scimagojr.com/journalsearch.php?q=International+Journal+of+Metadata,+Semantics+and+Ontologies"
rephm2011,2,Not Found,N/A
reues2008,2,Not Found,N/A
reuon2015,2,Not Found,N/A
rsale2003,2,Not Found,N/A
rstis2006,2,Not Found,N/A
ruans2022,2,Not Found,N/A
sasht2012,2,Not Found,N/A
saste2012,2,Not Found,N/A
scpad2006,2,Not Found,N/A
scyem2015,2,Not Found,N/A
sea182018,2,Not Found,N/A
seaml2013,2,Not Found,N/A
secch2011,2,Not Found,N/A
seres2019,2,Q1,https://www.scimagojr.com/journalsearch.php?q=Journal+of+Ambient+Intelligence+and+Humanized+Computing
setch2015,2,Not Found,N/A
sewng2023,2,Not Found,N/A
sezng2022,2,Not Found,N/A
sezon2018,2,Not Found,N/A
sifng2019,2,Not Found,N/A
siiks2023,2,Q2,https://www.scimagojr.com/journalsearch.php?q=New+Generation+Computing
simir2014,2,Not Found,N/A
skcon2015,2,Not Found,N/A
sncch2019,2,Not Found,N/A
sodnt2014,2,Not Found,N/A
soesi2010,2,Not Found,N/A
soict2014,2,Not Found,N/A
somes2005,2,Not Found,N/A
sotct2013,2,-,https://www.scimagojr.com/journalsearch.php?q=Procedia+Computer+Science
sotmn2016,2,Q2,https://www.scimagojr.com/journalsearch.php?q=Service+Oriented+Computing+and+Applications
sprch2012,2,Not Found,N/A
sprxt2022,2,Not Found,N/A
stgse2019,2,Not Found,N/A
stnta2004,2,Not Found,N/A
stpes2008,2,Not Found,N/A
stvng2023,2,Not Found,N/A
sueon1988,2,Not Found,N/A
suies2011,2,Q4,https://www.scimagojr.com/journalsearch.php?q=International+Journal+of+Learning+Technology
suion2022,2,Not Found,N/A
sunty2022,2,Not Found,N/A
suron2022,2,Q1,https://www.scimagojr.com/journalsearch.php?q=Journal+of+Reliable+Intelligent+Environments
syhdy2009,2,Not Found,N/A
taarf2023,2,Q2,https://www.scimagojr.com/journalsearch.php?q=SN+Computer+Science
tadop2018,2,Not Found,N/A
taees2014,2,Not Found,N/A
taele2025,2,Not Found,N/A
taies2006,2,Not Found,N/A
taler2024,2,Not Found,N/A
talks2021,2,Q2,https://www.scimagojr.com/journalsearch.php?q=New+Generation+Computing
tatot2016,2,Not Found,N/A
tatue2021,2,Not Found,N/A
teiet2015,2,Not Found,N/A
terts2013,2,Not Found,N/A
thaes2008,2,Not Found,N/A
theon2019,2,Not Found,N/A
thsdy2012,2,Not Found,N/A
tisns2011,2,Not Found,N/A
tkwhy2010,2,Not Found,N/A
tocng2017,2,Not Found,N/A
todgn2014,2,Not Found,N/A
todms2014,2,Not Found,N/A
toent2017,2,Not Found,N/A
tofes2017,2,Not Found,N/A
togdy2018,2,Not Found,N/A
togon2020,2,Not Found,N/A
toiin2013,2,Not Found,N/A
tonrs2017,2,Not Found,N/A
tooms2004,2,Q4,https://www.scimagojr.com/journalsearch.php?q=WSEAS+Transactions+on+Business+and+Economics
toont2020,2,Not Found,N/A
tosve2015,2,Not Found,N/A
totns2022,2,Not Found,N/A
traey2020,2,Not Found,N/A
troey2019,2,Not Found,N/A
trpta2021,2,Q3,https://www.scimagojr.com/journalsearch.php?q=Journal+of+Web+Engineering
trqdy2013,2,Not Found,N/A
trseb2011,2,Not Found,N/A
trsge2024,2,Not Found,N/A
trxth2018,2,Not Found,N/A
turgn2008,2,Q4,https://www.scimagojr.com/journalsearch.php?q=International+Journal+of+Environmental+Technology+and+Management
tuues2016,2,Not Found,N/A
twhem2010,2,Q3,https://www.scimagojr.com/journalsearch.php?q=International+Journal+of+Bio-Inspired+Computation
unbrc2002,2,Not Found,N/A
undts2005,2,Not Found,N/A
unene2014,2,Not Found,N/A
unent2008,2,Not Found,N/A
unnle2007,2,Not Found,N/A
unnve2001,2,Not Found,N/A
unogn2002,2,Not Found,N/A
unoue2010,2,Not Found,N/A
unses2003,2,Not Found,N/A
urich2012,2,Not Found,N/A
uslms2004,2,Not Found,N/A
uslms2007,2,Not Found,N/A
usngn2003,2,Not Found,N/A
usngn2007,2,Q1,https://www.scimagojr.com/journalsearch.php?q=Applied+Mathematics+and+Computation
uspne2005,2,Not Found,N/A
usses2013,2,Not Found,N/A
veeer2011,2,Not Found,N/A
veeue1996,2,Not Found,N/A
venrs2008,2,Not Found,N/A
vents2006,2,Not Found,N/A
vepnt2008,2,Not Found,N/A
versi2013,2,Not Found,N/A
veses2015,2,Not Found,N/A
veter2017,2,Not Found,N/A
vieew2024,2,Not Found,N/A
wetns2023,2,Not Found,N/A
whcri2016,2,Not Found,N/A
whcts2014,2,Not Found,N/A
yaaem2010,2,Not Found,N/A
3deds2020,3,Non classé,N/A
3drch2010,3,Non classé,N/A
a3kns2012,3,Non classé,N/A
a3ois2021,3,Non classé,N/A
abiel2013,3,Non classé,N/A
abnon2015,3,Non classé,N/A
absms2016,3,Non classé,N/A
acaon2017,3,Non classé,N/A
acdem2014,3,Non classé,N/A
aceal2003,3,Non classé,N/A
acems2009,3,Non classé,N/A
acits2022,3,Non classé,N/A
acp292014,3,Non classé,N/A
acres2015,3,Non classé,N/A
acsgy2014,3,Non classé,N/A
ad9ns2022,3,Non classé,N/A
adces2022,3,Non classé,N/A
adcks2017,3,A,https://dgrsdt.dz/storage/revue/A/2023/A.pdf
adeem2022,3,B,https://dgrsdt.dz/storage/revue/B/2023/ABDC.pdf
adiks2015,3,Non classé,N/A
adnak2019,3,Non classé,N/A
adoks2014,3,Non classé,N/A
adtle2015,3,Non classé,N/A
afits2016,3,Non classé,N/A
afmts2017,3,Non classé,N/A
afook2015,3,Non classé,N/A
afrem2023,3,Non classé,N/A
agagn2014,3,Non classé,N/A
ageem2023,3,B,https://dgrsdt.dz/storage/revue/B/2023/ABDC.pdf
agety2013,3,Non classé,N/A
agfks2020,3,Non classé,N/A
agiss2007,3,Non classé,N/A
aglon2022,3,Non classé,N/A
agpbt2018,3,Non classé,N/A
agsks2012,3,Non classé,N/A
aheks2022,3,Non classé,N/A
ahhts2017,3,B,https://dgrsdt.dz/storage/revue/B/2023/ABDC.pdf
ahion2024,3,Non classé,N/A
ahtce2017,3,Non classé,N/A
ahtos2018,3,Non classé,N/A
aiuad2008,3,Non classé,N/A
akrem2015,3,Non classé,N/A
aloks2013,3,Non classé,N/A
aluis2020,3,A,https://dgrsdt.dz/storage/revue/A/2023/A.pdf
amgps2012,3,Non classé,N/A
amies2022,3,Non classé,N/A
ammms2017,3,A,https://dgrsdt.dz/storage/revue/A/2023/A.pdf
ammms2018,3,A,https://dgrsdt.dz/storage/revue/A/2023/A.pdf
amnem2013,3,Non classé,N/A
amoks2023,3,A,https://dgrsdt.dz/storage/revue/A/2023/A.pdf
amsem2011,3,Non classé,N/A
anage2011,3,Non classé,N/A
anaop2007,3,Non classé,N/A
anats2022,3,Non classé,N/A
ancsn2012,3,Non classé,N/A
andem2010,3,Non classé,N/A
ander2025,3,Non classé,N/A
andes2012,3,Non classé,N/A
aneem2011,3,Non classé,N/A
anegs2023,3,Non classé,N/A
aneks2023,3,Non classé,N/A
aneon2006,3,Non classé,N/A
aneon2008,3,Non classé,N/A
anese2011,3,Non classé,N/A
anets2018,3,Non classé,N/A
anfem2019,3,Non classé,N/A
angce2016,3,Non classé,N/A
angem2019,3,B,https://dgrsdt.dz/storage/revue/B/2023/ABDC.pdf
aniem2010,3,Non classé,N/A
aning2022,3,Non classé,N/A
anins2011,3,Non classé,N/A
anlem2020,3,Non classé,N/A
anmem2008,3,Non classé,N/A
anmms2011,3,Non classé,N/A
anmon2007,3,Non classé,N/A
annms2016,3,Non classé,N/A
annnt2022,3,Non classé,N/A
annts2010,3,Non classé,N/A
anoms2016,3,Non classé,N/A
anpse2021,3,Non classé,N/A
anrem2005,3,Non classé,N/A
anrem2019,3,Non classé,N/A
anrks2023,3,Non classé,N/A
anrms2019,3,Non classé,N/A
anron2019,3,Non classé,N/A
anrps2024,3,A,https://dgrsdt.dz/storage/revue/A/2023/A.pdf
anrre2022,3,Non classé,N/A
ansct2003,3,Non classé,N/A
ansem2019,3,Non classé,N/A
ansem2023,3,Non classé,N/A
anses2013,3,Non classé,N/A
ansge2014,3,Non classé,N/A
anson2018,3,Non classé,N/A
ansts2006,3,A,https://dgrsdt.dz/storage/revue/A/2023/A.pdf
antce2019,3,Non classé,N/A
anuks2009,3,Non classé,N/A
apees2015,3,Non classé,N/A
apggn2004,3,Non classé,N/A
apiem2008,3,Non classé,N/A
apimt2019,3,Non classé,N/A
aplms2004,3,Non classé,N/A
apmms2004,3,Non classé,N/A
apuaz2019,3,Non classé,N/A
apzon2024,3,Non classé,N/A
aqfks2023,3,Non classé,N/A
aques2016,3,Non classé,N/A
araew2013,3,Non classé,N/A
arans2007,3,Non classé,N/A
arcns2006,3,Non classé,N/A
arits2023,3,A,https://dgrsdt.dz/storage/revue/A/2023/A.pdf
arrsi2011,3,Non classé,N/A
aruds2022,3,Non classé,N/A
arvns2014,3,Non classé,N/A
asany2023,3,Non classé,N/A
asbem2011,3,Non classé,N/A
asdaf2024,3,Non classé,N/A
asion2022,3,Non classé,N/A
aslon2016,3,Non classé,N/A
asmip2019,3,Non classé,N/A
asory2019,3,Non classé,N/A
asrta2020,3,Non classé,N/A
astrk2010,3,Non classé,N/A
asvgn2019,3,Non classé,N/A
ation2019,3,Non classé,N/A
attad2008,3,Non classé,N/A
aufng2018,3,Non classé,N/A
auing1991,3,Non classé,N/A
auoel2024,3,Non classé,N/A
aupes2019,3,A,https://dgrsdt.dz/storage/revue/A/2023/A.pdf
aurmy2018,3,Non classé,N/A
auvty2016,3,Non classé,N/A
avfes2015,3,Non classé,N/A
ayfnt2024,3,Non classé,N/A
biihm2021,3,Non classé,N/A
bioks2015,3,Non classé,N/A
bocon2023,3,Non classé,N/A
br0ks2018,3,Non classé,N/A
buern2017,3,Non classé,N/A
buich2007,3,Non classé,N/A
caaon2022,3,Non classé,N/A
caces2014,3,Non classé,N/A
cawes2006,3,Non classé,N/A
chblt2016,3,Non classé,N/A
chblt2017,3,Non classé,N/A
chdir2024,3,Non classé,N/A
chhes2014,3,Non classé,N/A
chnes2018,3,Non classé,N/A
chplt2016,3,Non classé,N/A
citue2022,3,Non classé,N/A
clris2017,3,Non classé,N/A
clsts2003,3,Non classé,N/A
coaap2016,3,Non classé,N/A
coaes2015,3,A,https://dgrsdt.dz/storage/revue/A/2023/A.pdf
coahe2008,3,Non classé,N/A
coaks2024,3,Non classé,N/A
coang2018,3,Non classé,N/A
coaon2024,3,Non classé,N/A
coars2014,3,Non classé,N/A
coead2005,3,Non classé,N/A
coees2008,3,Non classé,N/A
cogon2018,3,Non classé,N/A
cohes2003,3,Non classé,N/A
coier2021,3,Non classé,N/A
coies2017,3,Non classé,N/A
coles2019,3,Non classé,N/A
cones2023,3,Non classé,N/A
cooon2015,3,Non classé,N/A
cooon2017,3,Non classé,N/A
cooop2005,3,Non classé,N/A
cotle2006,3,Non classé,N/A
covms2006,3,Non classé,N/A
crcng2020,3,Non classé,N/A
crnol2018,3,Non classé,N/A
csnng2023,3,Non classé,N/A
deaes2019,3,Non classé,N/A
deaks2022,3,Non classé,N/A
dedng2008,3,Non classé,N/A
deedy2019,3,Non classé,N/A
degls2017,3,Non classé,N/A
degot2019,3,Non classé,N/A
dehes2009,3,Non classé,N/A
delnt2016,3,Non classé,N/A
dench2014,3,Non classé,N/A
deoes2008,3,Non classé,N/A
deoes2017,3,Non classé,N/A
dtdon2009,3,Non classé,N/A
dtnrs2008,3,Non classé,N/A
dtsge2008,3,Non classé,N/A
dtyue2008,3,Non classé,N/A
efeks2011,3,Non classé,N/A
efolt2016,3,Non classé,N/A
efrng2024,3,Non classé,N/A
eitce2018,3,Non classé,N/A
emaet1996,3,Non classé,N/A
emeer2022,3,Non classé,N/A
emtsi2013,3,Non classé,N/A
enees2017,3,Non classé,N/A
enent2022,3,Non classé,N/A
enhes2023,3,Non classé,N/A
enins2023,3,Non classé,N/A
enles2019,3,Non classé,N/A
enrey2017,3,Non classé,N/A
ensch2020,3,A,https://dgrsdt.dz/storage/revue/A/2023/A.pdf
enses2015,3,Non classé,N/A
enung2012,3,Non classé,N/A
enval2016,3,Non classé,N/A
eprts2021,3,Non classé,N/A
esdol2014,3,Non classé,N/A
etrms2014,3,Non classé,N/A
evane2005,3,Non classé,N/A
evnel2011,3,Non classé,N/A
evpge2015,3,Non classé,N/A
evscs2008,3,Non classé,N/A
exaes2019,3,A,https://dgrsdt.dz/storage/revue/A/2023/A.pdf
excts2016,3,Non classé,N/A
exers2022,3,Non classé,N/A
exgts2022,3,Non classé,N/A
exion2021,3,Non classé,N/A
exmes2014,3,Non classé,N/A
exnio2021,3,Non classé,N/A
exscs2024,3,Non classé,N/A
extne2017,3,Non classé,N/A
fiiod2015,3,Non classé,N/A
firem2023,3,Non classé,N/A
fliis2021,3,Non classé,N/A
fliks2024,3,Non classé,N/A
flrga2022,3,Non classé,N/A
fosts1998,3,Non classé,N/A
frips2018,3,Non classé,N/A
frres2024,3,Non classé,N/A
ftety2018,3,Non classé,N/A
fu3ts2018,3,Non classé,N/A
gacem2016,3,Non classé,N/A
gacem2018,3,A,https://dgrsdt.dz/storage/revue/A/2023/A.pdf
ganps2015,3,Non classé,N/A
gat102023,3,Non classé,N/A
gauew2023,3,Non classé,N/A
geams2023,3,Non classé,N/A
gntls1995,3,Non classé,N/A
gophe2022,3,Non classé,N/A
hegip2016,3,Non classé,N/A
hiaon2017,3,Non classé,N/A
hieon2014,3,Non classé,N/A
hioon2018,3,Non classé,N/A
hiron2016,3,Non classé,N/A
hiron2018,3,Non classé,N/A
hiron2020,3,Non classé,N/A
hison2016,3,Non classé,N/A
honon2008,3,Non classé,N/A
hoohs2011,3,Non classé,N/A
hosal2015,3,Non classé,N/A
houon2015,3,Non classé,N/A
hyses2021,3,Non classé,N/A
idpge2019,3,Non classé,N/A
imdns2021,3,Non classé,N/A
imeng2019,3,Non classé,N/A
imgks2023,3,Non classé,N/A
imhks2021,3,Non classé,N/A
imiel2024,3,Non classé,N/A
imlta2022,3,Non classé,N/A
imnem2024,3,A,https://dgrsdt.dz/storage/revue/A/2023/A.pdf
imums2006,3,Non classé,N/A
imure2024,3,Non classé,N/A
inaew2016,3,Non classé,N/A
inels2000,3,Non classé,N/A
infms2011,3,Non classé,N/A
inles2004,3,Non classé,N/A
inmks2024,3,A,https://dgrsdt.dz/storage/revue/A/2023/A.pdf
innch2019,3,Non classé,N/A
innxt2007,3,Non classé,N/A
insor2009,3,Non classé,N/A
inule2020,3,Non classé,N/A
inyem2017,3,Non classé,N/A
ipnne2016,3,Non classé,N/A
isets2008,3,Non classé,N/A
jooes2011,3,Non classé,N/A
jseap2017,3,Non classé,N/A
kdnes2000,3,Non classé,N/A
knies2014,3,Non classé,N/A
lasng2020,3,Non classé,N/A
leres2013,3,Non classé,N/A
letis2010,3,Non classé,N/A
lotrs2024,3,Non classé,N/A
luvie2003,3,Non classé,N/A
lvnns2006,3,Non classé,N/A
maeer2020,3,Non classé,N/A
mames2013,3,Non classé,N/A
manon2019,3,Non classé,N/A
mdroa2023,3,Non classé,N/A
meach2013,3,Non classé,N/A
meees2013,3,Non classé,N/A
meeng2009,3,Non classé,N/A
menon2014,3,Non classé,N/A
mesem2014,3,Non classé,N/A
metds2013,3,Non classé,N/A
metms2007,3,Non classé,N/A
mieon2018,3,Non classé,N/A
moccd2023,3,Non classé,N/A
momss2014,3,Non classé,N/A
mon102010,3,Non classé,N/A
mooes2010,3,Non classé,N/A
mtave2000,3,Non classé,N/A
muaon2016,3,Non classé,N/A
muaon2017,3,Non classé,N/A
mubta2023,3,Non classé,N/A
mulnt2022,3,Non classé,N/A
munes2013,3,Non classé,N/A
mutml2012,3,Non classé,N/A
mutns2013,3,Non classé,N/A
natem2018,3,Non classé,N/A
nefol2022,3,Non classé,N/A
nocon2016,3,Non classé,N/A
notga2024,3,Non classé,N/A
nueer2021,3,Non classé,N/A
onfon2019,3,A,https://dgrsdt.dz/storage/revue/A/2023/A.pdf
onmts2012,3,Non classé,N/A
onnlt2024,3,A,https://dgrsdt.dz/storage/revue/A/2023/A.pdf
onoin2018,3,Non classé,N/A
onton2017,3,A,https://dgrsdt.dz/storage/revue/A/2023/A.pdf
opans2025,3,Non classé,N/A
opgis2007,3,Non classé,N/A
opiey2021,3,Non classé,N/A
opiis2021,3,A,https://dgrsdt.dz/storage/revue/A/2023/A.pdf
oping2020,3,Non classé,N/A
opnce2022,3,Non classé,N/A
orsss2008,3,Non classé,N/A
ortes1999,3,Non classé,N/A
ortes2010,3,Non classé,N/A
ougit2005,3,Non classé,N/A
ounls1996,3,Non classé,N/A
our422022,3,Non classé,N/A
ourls2008,3,Non classé,N/A
ous432003,3,Non classé,N/A
paaat2002,3,Non classé,N/A
pacta2022,3,Non classé,N/A
padts2008,3,Non classé,N/A
panem2014,3,Non classé,N/A
pases2015,3,Non classé,N/A
pebem2021,3,Non classé,N/A
peece2022,3,Non classé,N/A
peees2018,3,Non classé,N/A
peeng2009,3,Non classé,N/A
peeng2018,3,Non classé,N/A
peton2007,3,Non classé,N/A
pinge2023,3,Non classé,N/A
pores2015,3,Non classé,N/A
pread2007,3,Non classé,N/A
prech2022,3,A,https://dgrsdt.dz/storage/revue/A/2023/A.pdf
prgng2017,3,Non classé,N/A
prgon2024,3,Non classé,N/A
pri132013,3,Non classé,N/A
prnce2017,3,Non classé,N/A
prnem2006,3,Non classé,N/A
proon2013,3,Non classé,N/A
prpig2007,3,Non classé,N/A
qdews2017,3,Non classé,N/A
qugni2009,3,Non classé,N/A
rdies2022,3,Non classé,N/A
rdpir2023,3,Non classé,N/A
reble2006,3,Non classé,N/A
redes2012,3,Non classé,N/A
reees2003,3,Non classé,N/A
reees2024,3,Non classé,N/A
reegy2009,3,Non classé,N/A
reein2010,3,Non classé,N/A
reers2015,3,Non classé,N/A
ref192022,3,Non classé,N/A
reing2017,3,Non classé,N/A
renps2022,3,Non classé,N/A
reoms2015,3,Non classé,N/A
rephm2011,3,Non classé,N/A
reues2008,3,Non classé,N/A
reuon2015,3,Non classé,N/A
rsale2003,3,Non classé,N/A
rstis2006,3,Non classé,N/A
ruans2022,3,Non classé,N/A
sasht2012,3,Non classé,N/A
saste2012,3,Non classé,N/A
scpad2006,3,Non classé,N/A
scyem2015,3,Non classé,N/A
sea182018,3,Non classé,N/A
seaml2013,3,Non classé,N/A
secch2011,3,Non classé,N/A
seres2019,3,Non classé,N/A
setch2015,3,Non classé,N/A
sewng2023,3,Non classé,N/A
sezng2022,3,Non classé,N/A
sezon2018,3,Non classé,N/A
sifng2019,3,Non classé,N/A
siiks2023,3,A,https://dgrsdt.dz/storage/revue/A/2023/A.pdf
simir2014,3,Non classé,N/A
skcon2015,3,Non classé,N/A
sncch2019,3,Non classé,N/A
sodnt2014,3,Non classé,N/A
soesi2010,3,Non classé,N/A
soict2014,3,Non classé,N/A
somes2005,3,Non classé,N/A
sotct2013,3,Non classé,N/A
sotmn2016,3,Non classé,N/A
sprch2012,3,Non classé,N/A
sprxt2022,3,Non classé,N/A
stgse2019,3,Non classé,N/A
stnta2004,3,Non classé,N/A
stpes2008,3,Non classé,N/A
stvng2023,3,Non classé,N/A
sueon1988,3,Non classé,N/A
suies2011,3,Non classé,N/A
suion2022,3,Non classé,N/A
sunty2022,3,Non classé,N/A
suron2022,3,Non classé,N/A
syhdy2009,3,Non classé,N/A
taarf2023,3,Non classé,N/A
tadop2018,3,Non classé,N/A
taees2014,3,Non classé,N/A
taele2025,3,Non classé,N/A
taies2006,3,Non classé,N/A
taler2024,3,Non classé,N/A
talks2021,3,A,https://dgrsdt.dz/storage/revue/A/2023/A.pdf
tatot2016,3,Non classé,N/A
tatue2021,3,Non classé,N/A
teiet2015,3,Non classé,N/A
terts2013,3,Non classé,N/A
thaes2008,3,Non classé,N/A
theon2019,3,Non classé,N/A
thsdy2012,3,Non classé,N/A
tisns2011,3,Non classé,N/A
tkwhy2010,3,Non classé,N/A
tocng2017,3,Non classé,N/A
todgn2014,3,Non classé,N/A
todms2014,3,Non classé,N/A
toent2017,3,Non classé,N/A
tofes2017,3,Non classé,N/A
togdy2018,3,Non classé,N/A
togon2020,3,Non classé,N/A
toiin2013,3,Non classé,N/A
tonrs2017,3,Non classé,N/A
tooms2004,3,Non classé,N/A
toont2020,3,Non classé,N/A
tosve2015,3,Non classé,N/A
totns2022,3,Non classé,N/A
traey2020,3,Non classé,N/A
troey2019,3,Non classé,N/A
trpta2021,3,A,https://dgrsdt.dz/storage/revue/A/2023/A.pdf
trqdy2013,3,Non classé,N/A
trseb2011,3,Non classé,N/A
trsge2024,3,Non classé,N/A
trxth2018,3,Non classé,N/A
turgn2008,3,Non classé,N/A
tuues2016,3,Non classé,N/A
twhem2010,3,Non classé,N/A
unbrc2002,3,Non classé,N/A
undts2005,3,Non classé,N/A
unene2014,3,Non classé,N/A
unent2008,3,Non classé,N/A
unnle2007,3,Non classé,N/A
unnve2001,3,Non classé,N/A
unogn2002,3,Non classé,N/A
unoue2010,3,Non classé,N/A
unses2003,3,Non classé,N/A
urich2012,3,Non classé,N/A
uslms2004,3,Non classé,N/A
uslms2007,3,Non classé,N/A
usngn2003,3,Non classé,N/A
usngn2007,3,A,https://dgrsdt.dz/storage/revue/A/2023/A.pdf
uspne2005,3,Non classé,N/A
usses2013,3,Non classé,N/A
veeer2011,3,Non classé,N/A
veeue1996,3,Non classé,N/A
venrs2008,3,Non classé,N/A
vents2006,3,Non classé,N/A
vepnt2008,3,Non classé,N/A
versi2013,3,Non classé,N/A
veses2015,3,Non classé,N/A
veter2017,3,Non classé,N/A
vieew2024,3,Non classé,N/A
wetns2023,3,Non classé,N/A
whcri2016,3,Non classé,N/A
whcts2014,3,Non classé,N/A
yaaem2010,3,Non classé,N/A
3deds2020,4,B2,https://qualis.ic.ufmt.br/
3drch2010,4,Not Found,
a3kns2012,4,Not Found,
a3ois2021,4,Not Found,
abiel2013,4,Not Found,
abnon2015,4,Not Found,
absms2016,4,B1,https://qualis.ic.ufmt.br/
acaon2017,4,Not Found,
acdem2014,4,Not Found,
aceal2003,4,B4,https://qualis.ic.ufmt.br/
acems2009,4,Not Found,
acits2022,4,Not Found,
acp292014,4,Not Found,
acres2015,4,Not Found,
acsgy2014,4,Not Found,
ad9ns2022,4,Not Found,
adces2022,4,Not Found,
adcks2017,4,Not Found,
adeem2022,4,Not Found,
adiks2015,4,A1,https://qualis.ic.ufmt.br/
adnak2019,4,Not Found,
adoks2014,4,Not Found,
adtle2015,4,Not Found,
afits2016,4,Not Found,
afmts2017,4,B1,https://qualis.ic.ufmt.br/
afook2015,4,B1,https://qualis.ic.ufmt.br/
afrem2023,4,Not Found,
agagn2014,4,B2,https://qualis.ic.ufmt.br/
ageem2023,4,Not Found,
agety2013,4,B2,https://qualis.ic.ufmt.br/
agfks2020,4,Not Found,
agiss2007,4,Not Found,
aglon2022,4,Not Found,
agpbt2018,4,B5,https://qualis.ic.ufmt.br/
agsks2012,4,B2,https://qualis.ic.ufmt.br/
aheks2022,4,A2,https://qualis.ic.ufmt.br/
ahhts2017,4,Not Found,
ahion2024,4,Not Found,
ahtce2017,4,Not Found,
ahtos2018,4,Not Found,
aiuad2008,4,Not Found,
akrem2015,4,Not Found,
aloks2013,4,A1,https://qualis.ic.ufmt.br/
aluis2020,4,Not Found,
amgps2012,4,Not Found,
amies2022,4,Not Found,
ammms2017,4,Not Found,
ammms2018,4,Not Found,
amnem2013,4,Not Found,
amoks2023,4,Not Found,
amsem2011,4,Not Found,
anage2011,4,Not Found,
anaop2007,4,Not Found,
anats2022,4,Not Found,
ancsn2012,4,A2,https://qualis.ic.ufmt.br/
andem2010,4,Not Found,
ander2025,4,Not Found,
andes2012,4,Not Found,
aneem2011,4,Not Found,
anegs2023,4,Not Found,
aneks2023,4,B2,https://qualis.ic.ufmt.br/
aneon2006,4,Not Found,
aneon2008,4,Not Found,
anese2011,4,Not Found,
anets2018,4,Not Found,
anfem2019,4,A1,https://qualis.ic.ufmt.br/
angce2016,4,A1,https://qualis.ic.ufmt.br/
angem2019,4,Not Found,
aniem2010,4,Not Found,
aning2022,4,Not Found,
anins2011,4,Not Found,
anlem2020,4,Not Found,
anmem2008,4,B2,https://qualis.ic.ufmt.br/
anmms2011,4,Not Found,
anmon2007,4,Not Found,
annms2016,4,Not Found,
annnt2022,4,Not Found,
annts2010,4,Not Found,
anoms2016,4,Not Found,
anpse2021,4,Not Found,
anrem2005,4,Not Found,
anrem2019,4,Not Found,
anrks2023,4,Not Found,
anrms2019,4,Not Found,
anron2019,4,Not Found,
anrps2024,4,Not Found,
anrre2022,4,B3,https://qualis.ic.ufmt.br/
ansct2003,4,Not Found,
ansem2019,4,Not Found,
ansem2023,4,Not Found,
anses2013,4,Not Found,
ansge2014,4,Not Found,
anson2018,4,Not Found,
ansts2006,4,Not Found,
antce2019,4,B5,https://qualis.ic.ufmt.br/
anuks2009,4,Not Found,
apees2015,4,Not Found,
apggn2004,4,Not Found,
apiem2008,4,Not Found,
apimt2019,4,Not Found,
aplms2004,4,Not Found,
apmms2004,4,Not Found,
apuaz2019,4,Not Found,
apzon2024,4,Not Found,
aqfks2023,4,Not Found,
aques2016,4,A1,https://qualis.ic.ufmt.br/
araew2013,4,Not Found,
arans2007,4,Not Found,
arcns2006,4,Not Found,
arits2023,4,Not Found,
arrsi2011,4,Not Found,
aruds2022,4,Not Found,
arvns2014,4,Not Found,
asany2023,4,Not Found,
asbem2011,4,B1,https://qualis.ic.ufmt.br/
asdaf2024,4,Not Found,
asion2022,4,Not Found,
aslon2016,4,Not Found,
asmip2019,4,Not Found,
asory2019,4,Not Found,
asrta2020,4,Not Found,
astrk2010,4,Not Found,
asvgn2019,4,Not Found,
ation2019,4,Not Found,
attad2008,4,Not Found,
aufng2018,4,A2,https://qualis.ic.ufmt.br/
auing1991,4,A1,https://qualis.ic.ufmt.br/
auoel2024,4,Not Found,
aupes2019,4,Not Found,
aurmy2018,4,Not Found,
auvty2016,4,Not Found,
avfes2015,4,B1,https://qualis.ic.ufmt.br/
ayfnt2024,4,Not Found,
biihm2021,4,Not Found,
bioks2015,4,Not Found,
bocon2023,4,B1,https://qualis.ic.ufmt.br/
br0ks2018,4,Not Found,
buern2017,4,B1,https://qualis.ic.ufmt.br/
buich2007,4,Not Found,
caaon2022,4,B2,https://qualis.ic.ufmt.br/
caces2014,4,Not Found,
cawes2006,4,Not Found,
chblt2016,4,B2,https://qualis.ic.ufmt.br/
chblt2017,4,B2,https://qualis.ic.ufmt.br/
chdir2024,4,Not Found,
chhes2014,4,Not Found,
chnes2018,4,B1,https://qualis.ic.ufmt.br/
chplt2016,4,Not Found,
citue2022,4,Not Found,
clris2017,4,Not Found,
clsts2003,4,Not Found,
coaap2016,4,Not Found,
coaes2015,4,Not Found,
coahe2008,4,Not Found,
coaks2024,4,Not Found,
coang2018,4,A1,https://qualis.ic.ufmt.br/
coaon2024,4,Not Found,
coars2014,4,Not Found,
coead2005,4,Not Found,
coees2008,4,Not Found,
cogon2018,4,Not Found,
cohes2003,4,Not Found,
coier2021,4,Not Found,
coies2017,4,Not Found,
coles2019,4,Not Found,
cones2023,4,Not Found,
cooon2015,4,Not Found,
cooon2017,4,Not Found,
cooop2005,4,Not Found,
cotle2006,4,Not Found,
covms2006,4,Not Found,
crcng2020,4,Not Found,
crnol2018,4,Not Found,
csnng2023,4,Not Found,
deaes2019,4,Not Found,
deaks2022,4,B2,https://qualis.ic.ufmt.br/
dedng2008,4,Not Found,
deedy2019,4,Not Found,
degls2017,4,Not Found,
degot2019,4,Not Found,
dehes2009,4,Not Found,
delnt2016,4,Not Found,
dench2014,4,B1,https://qualis.ic.ufmt.br/
deoes2008,4,B1,https://qualis.ic.ufmt.br/
deoes2017,4,Not Found,
dtdon2009,4,Not Found,
dtnrs2008,4,Not Found,
dtsge2008,4,Not Found,
dtyue2008,4,Not Found,
efeks2011,4,B1,https://qualis.ic.ufmt.br/
efolt2016,4,Not Found,
efrng2024,4,Not Found,
eitce2018,4,Not Found,
emaet1996,4,Not Found,
emeer2022,4,Not Found,
emtsi2013,4,Not Found,
enees2017,4,Not Found,
enent2022,4,Not Found,
enhes2023,4,Not Found,
enins2023,4,Not Found,
enles2019,4,Not Found,
enrey2017,4,Not Found,
ensch2020,4,Not Found,
enses2015,4,Not Found,
enung2012,4,Not Found,
enval2016,4,Not Found,
eprts2021,4,B2,https://qualis.ic.ufmt.br/
esdol2014,4,Not Found,
etrms2014,4,Not Found,
evane2005,4,Not Found,
evnel2011,4,Not Found,
evpge2015,4,Not Found,
evscs2008,4,Not Found,
exaes2019,4,Not Found,
excts2016,4,Not Found,
exers2022,4,Not Found,
exgts2022,4,Not Found,
exion2021,4,Not Found,
exmes2014,4,Not Found,
exnio2021,4,Not Found,
exscs2024,4,Not Found,
extne2017,4,Not Found,
fiiod2015,4,Not Found,
firem2023,4,Not Found,
fliis2021,4,Not Found,
fliks2024,4,Not Found,
flrga2022,4,Not Found,
fosts1998,4,Not Found,
frips2018,4,Not Found,
frres2024,4,Not Found,
ftety2018,4,B1,https://qualis.ic.ufmt.br/
fu3ts2018,4,Not Found,
gacem2016,4,Not Found,
gacem2018,4,Not Found,
ganps2015,4,B1,https://qualis.ic.ufmt.br/
gat102023,4,Not Found,
gauew2023,4,Not Found,
geams2023,4,Not Found,
gntls1995,4,Not Found,
gophe2022,4,Not Found,
hegip2016,4,Not Found,
hiaon2017,4,Not Found,
hieon2014,4,Not Found,
hioon2018,4,Not Found,
hiron2016,4,Not Found,
hiron2018,4,Not Found,
hiron2020,4,Not Found,
hison2016,4,Not Found,
honon2008,4,Not Found,
hoohs2011,4,Not Found,
hosal2015,4,Not Found,
houon2015,4,Not Found,
hyses2021,4,Not Found,
idpge2019,4,Not Found,
imdns2021,4,Not Found,
imeng2019,4,B2,https://qualis.ic.ufmt.br/
imgks2023,4,B2,https://qualis.ic.ufmt.br/
imhks2021,4,B2,https://qualis.ic.ufmt.br/
imiel2024,4,Not Found,
imlta2022,4,Not Found,
imnem2024,4,Not Found,
imums2006,4,Not Found,
imure2024,4,Not Found,
inaew2016,4,Not Found,
inels2000,4,Not Found,
infms2011,4,Not Found,
inles2004,4,Not Found,
inmks2024,4,Not Found,
innch2019,4,Not Found,
innxt2007,4,Not Found,
insor2009,4,B1,https://qualis.ic.ufmt.br/
inule2020,4,Not Found,
inyem2017,4,Not Found,
ipnne2016,4,Not Found,
isets2008,4,B2,https://qualis.ic.ufmt.br/
jooes2011,4,Not Found,
jseap2017,4,Not Found,
kdnes2000,4,Not Found,
knies2014,4,Not Found,
lasng2020,4,Not Found,
leres2013,4,Not Found,
letis2010,4,Not Found,
lotrs2024,4,Not Found,
luvie2003,4,Not Found,
lvnns2006,4,Not Found,
maeer2020,4,Not Found,
mames2013,4,Not Found,
manon2019,4,Not Found,
mdroa2023,4,Not Found,
meach2013,4,Not Found,
meees2013,4,Not Found,
meeng2009,4,Not Found,
menon2014,4,Not Found,
mesem2014,4,Not Found,
metds2013,4,Not Found,
metms2007,4,Not Found,
mieon2018,4,Not Found,
moccd2023,4,Not Found,
momss2014,4,Not Found,
mon102010,4,Not Found,
mooes2010,4,Not Found,
mtave2000,4,Not Found,
muaon2016,4,Not Found,
muaon2017,4,B1,https://qualis.ic.ufmt.br/
mubta2023,4,Not Found,
mulnt2022,4,Not Found,
munes2013,4,B2,https://qualis.ic.ufmt.br/
mutml2012,4,Not Found,
mutns2013,4,Not Found,
natem2018,4,Not Found,
nefol2022,4,Not Found,
nocon2016,4,Not Found,
notga2024,4,Not Found,
nueer2021,4,Not Found,
onfon2019,4,Not Found,
onmts2012,4,Not Found,
onnlt2024,4,Not Found,
onoin2018,4,Not Found,
onton2017,4,Not Found,
opans2025,4,Not Found,
opgis2007,4,Not Found,
opiey2021,4,Not Found,
opiis2021,4,Not Found,
oping2020,4,Not Found,
opnce2022,4,Not Found,
orsss2008,4,Not Found,
ortes1999,4,Not Found,
ortes2010,4,Not Found,
ougit2005,4,Not Found,
ounls1996,4,Not Found,
our422022,4,Not Found,
ourls2008,4,Not Found,
ous432003,4,Not Found,
paaat2002,4,Not Found,
pacta2022,4,Not Found,
padts2008,4,Not Found,
panem2014,4,Not Found,
pases2015,4,Not Found,
pebem2021,4,Not Found,
peece2022,4,Not Found,
peees2018,4,Not Found,
peeng2009,4,Not Found,
peeng2018,4,A2,https://qualis.ic.ufmt.br/
peton2007,4,Not Found,
pinge2023,4,Not Found,
pores2015,4,Not Found,
pread2007,4,Not Found,
prech2022,4,Not Found,
prgng2017,4,Not Found,
prgon2024,4,Not Found,
pri132013,4,Not Found,
prnce2017,4,Not Found,
prnem2006,4,Not Found,
proon2013,4,Not Found,
prpig2007,4,Not Found,
qdews2017,4,Not Found,
qugni2009,4,Not Found,
rdies2022,4,Not Found,
rdpir2023,4,Not Found,
reble2006,4,Not Found,
redes2012,4,Not Found,
reees2003,4,Not Found,
reees2024,4,Not Found,
reegy2009,4,Not Found,
reein2010,4,Not Found,
reers2015,4,Not Found,
ref192022,4,Not Found,
reing2017,4,Not Found,
renps2022,4,Not Found,
reoms2015,4,Not Found,
rephm2011,4,Not Found,
reues2008,4,Not Found,
reuon2015,4,Not Found,
rsale2003,4,Not Found,
rstis2006,4,Not Found,
ruans2022,4,Not Found,
sasht2012,4,Not Found,
saste2012,4,Not Found,
scpad2006,4,Not Found,
scyem2015,4,Not Found,
sea182018,4,B1,https://qualis.ic.ufmt.br/
seaml2013,4,B2,https://qualis.ic.ufmt.br/
secch2011,4,Not Found,
seres2019,4,Not Found,
setch2015,4,B3,https://qualis.ic.ufmt.br/
sewng2023,4,B2,https://qualis.ic.ufmt.br/
sezng2022,4,Not Found,
sezon2018,4,B1,https://qualis.ic.ufmt.br/
sifng2019,4,B2,https://qualis.ic.ufmt.br/
siiks2023,4,Not Found,
simir2014,4,Not Found,
skcon2015,4,Not Found,
sncch2019,4,B2,https://qualis.ic.ufmt.br/
sodnt2014,4,Not Found,
soesi2010,4,Not Found,
soict2014,4,Not Found,
somes2005,4,Not Found,
sotct2013,4,Not Found,
sotmn2016,4,Not Found,
sprch2012,4,Not Found,
sprxt2022,4,Not Found,
stgse2019,4,Not Found,
stnta2004,4,Not Found,
stpes2008,4,Not Found,
stvng2023,4,Not Found,
sueon1988,4,Not Found,
suies2011,4,Not Found,
suion2022,4,Not Found,
sunty2022,4,Not Found,
suron2022,4,Not Found,
syhdy2009,4,Not Found,
taarf2023,4,Not Found,
tadop2018,4,B2,https://qualis.ic.ufmt.br/
taees2014,4,Not Found,
taele2025,4,Not Found,
taies2006,4,Not Found,
taler2024,4,Not Found,
talks2021,4,Not Found,
tatot2016,4,B1,https://qualis.ic.ufmt.br/
tatue2021,4,Not Found,
teiet2015,4,Not Found,
terts2013,4,Not Found,
thaes2008,4,Not Found,
theon2019,4,Not Found,
thsdy2012,4,B1,https://qualis.ic.ufmt.br/
tisns2011,4,Not Found,
tkwhy2010,4,Not Found,
tocng2017,4,B2,https://qualis.ic.ufmt.br/
todgn2014,4,B2,https://qualis.ic.ufmt.br/
todms2014,4,B2,https://qualis.ic.ufmt.br/
toent2017,4,B4,https://qualis.ic.ufmt.br/
tofes2017,4,Not Found,
togdy2018,4,Not Found,
togon2020,4,Not Found,
toiin2013,4,Not Found,
tonrs2017,4,Not Found,
tooms2004,4,Not Found,
toont2020,4,Not Found,
tosve2015,4,Not Found,
totns2022,4,Not Found,
traey2020,4,Not Found,
troey2019,4,Not Found,
trpta2021,4,Not Found,
trqdy2013,4,Not Found,
trseb2011,4,Not Found,
trsge2024,4,Not Found,
trxth2018,4,Not Found,
turgn2008,4,Not Found,
tuues2016,4,Not Found,
twhem2010,4,Not Found,
unbrc2002,4,Not Found,
undts2005,4,Not Found,
unene2014,4,Not Found,
unent2008,4,Not Found,
unnle2007,4,Not Found,
unnve2001,4,Not Found,
unogn2002,4,Not Found,
unoue2010,4,Not Found,
unses2003,4,Not Found,
urich2012,4,Not Found,
uslms2004,4,B5,https://qualis.ic.ufmt.br/
uslms2007,4,Not Found,
usngn2003,4,Not Found,
usngn2007,4,Not Found,
uspne2005,4,Not Found,
usses2013,4,Not Found,
veeer2011,4,Not Found,
veeue1996,4,Not Found,
venrs2008,4,Not Found,
vents2006,4,Not Found,
vepnt2008,4,Not Found,
versi2013,4,Not Found,
veses2015,4,Not Found,
veter2017,4,Not Found,
vieew2024,4,Not Found,
wetns2023,4,B2,https://qualis.ic.ufmt.br/
whcri2016,4,Not Found,
whcts2014,4,Not Found,
yaaem2010,4,Not Found,
